Date,Symbol,Trader,Channel,isOpen,Asset,Type,Price,Qty,Price-actual,Prices,Prices-actual,Avged,PnL,PnL-actual,PnL$,PnL$-actual,STC-Qty,STC-Price,STC-Price-actual,STC-Prices,STC-Prices-actual,STC-Date,TrailStats,SL
2023-06-01 13:40:22.291000,TSM_060223C100,demon2677,demon,1,option,BTO,1.0,1,1.04,,,,,,,,,,,,,,,
2023-06-05 13:33:13.146000,AFRM_060923C16.5,demon2677,demon,1,option,BTO,0.6,1,0.61,,,,,,,,,,,,,,,
2023-06-05 14:42:27.587000,UBER_060923C41,demon2677,demon,1,option,BTO,0.4,2,0.41,0.41/0.38,0.42/0.4,1.0,,,,,,,,,,,,
2023-06-05 17:55:24.388000,FCX_060923C38,demon2677,demon,1,option,BTO,0.4,1,0.39,,,,,,,,,,,,,,,
2023-06-06 13:41:03.187000,SHOP_060923C65,demon2677,demon,1,option,BTO,0.53,1,0.55,,,,,,,,,,,,,,,
2023-06-07 13:46:38.130000,SOFI_060923C8,demon2677,demon,1,option,BTO,0.22,1,0.24,,,,,,,,,,,,,,,
2023-06-07 13:51:44.405000,PLUG_060923C9.5,demon2677,demon,1,option,BTO,0.29,1,0.31,,,,,,,,,,,,,,,
2023-06-07 16:08:07.088000,MVIS_060923C8,demon2677,demon,1,option,BTO,0.25,1,0.25,,,,,,,,,,,,,,,
2023-06-08 14:01:49.664000,UAL_060923C50,demon2677,demon,1,option,BTO,0.42,1,0.45,,,,,,,,,,,,,,,
2023-06-09 13:46:03.743000,NIO_060923C8.5,demon2677,demon,1,option,BTO,0.1,1,0.12,,,,,,,,,,,,,,,
2023-06-09 13:51:36.153000,PLTR_060923C16,demon2677,demon,1,option,BTO,0.13,1,0.13,,,,,,,,,,,,,,,
2023-06-12 13:40:13.736000,NCLH_060923C18,demon2677,demon,1,option,BTO,0.4,1,,,,,,,,,,,,,,,,
2023-06-13 13:45:53.735000,CLF_061623C17,demon2677,demon,1,option,BTO,0.2,1,0.21,,,,,,,,,,,,,,,
2023-06-13 15:43:49.677000,PLTR_061623C16,demon2677,demon,1,option,BTO,0.55,1,0.56,,,,,,,,,,,,,,,
2023-06-14 13:39:26.692000,PYPL_061623C65,demon2677,demon,1,option,BTO,0.65,1,0.68,,,,,,,,,,,,,,,
2023-06-14 14:21:06.034000,INTC_061623C34.5,demon2677,demon,1,option,BTO,0.49,1,0.5,,,,,,,,,,,,,,,
2023-06-15 13:46:44.792000,SBUX_061623C102,demon2677,demon,1,option,BTO,0.29,1,0.32,,,,,,,,,,,,,,,
2023-06-16 19:32:57.932000,PYPL_062323C68,demon2677,demon,1,option,BTO,0.64,1,0.64,,,,,,,,,,,,,,,
2023-06-16 19:39:52.508000,PFE_062323C40.5,demon2677,demon,1,option,BTO,0.3,1,0.3,,,,,,,,,,,,,,,
2023-06-20 13:36:32.680000,RIV_062323C16,demon2677,demon,1,option,BTO,0.5,1,,,,,,,,,,,,,,,,
2023-06-20 13:36:45.307000,RIVN_062323C16,demon2677,demon,1,option,BTO,0.5,1,0.51,,,,,,,,,,,,,,,
2023-06-20 18:58:54.643000,PINS_062323C25.5,demon2677,demon,1,option,BTO,0.32,1,0.33,,,,,,,,,,,,,,,
2023-06-21 13:55:07.778000,BITO_062323C17,demon2677,demon,1,option,BTO,0.18,1,0.19,,,,,,,,,,,,,,,
2023-06-22 13:45:52.086000,MU_062323C67,demon2677,demon,1,option,BTO,0.43,1,0.48,,,,,,,,,,,,,,,
2023-06-23 14:00:22.494000,INTC_062323C33.5,demon2677,demon,1,option,BTO,0.12,1,0.12,,,,,,,,,,,,,,,
2023-06-26 13:37:31.270000,SNAP_063023C11,demon2677,demon,1,option,BTO,0.37,1,0.38,,,,,,,,,,,,,,,
2023-06-27 13:49:38.964000,CCL_063023C15,demon2677,demon,1,option,BTO,0.4,1,0.42,,,,,,,,,,,,,,,
2023-06-28 13:40:52.875000,HOOD_063023C10,demon2677,demon,1,option,BTO,0.26,1,0.26,,,,,,,,,,,,,,,
2023-06-29 13:51:34.245000,GM_063023C38.5,demon2677,demon,1,option,BTO,0.0,1,0.34,,,,,,,,,,,,,,,
2023-06-29 14:11:45.798000,OXY_063023C58,demon2677,demon,1,option,BTO,0.44,1,0.46,,,,,,,,,,,,,,,
2023-06-30 13:44:13.583000,AMZN_063023C130,demon2677,demon,1,option,BTO,0.43,1,0.43,,,,,,,,,,,,,,,
2023-06-30 14:15:57.608000,LCID_063023C7,demon2677,demon,1,option,BTO,0.13,1,0.14,,,,,,,,,,,,,,,
2023-07-03 13:43:21.681000,MARA_070723C15,demon2677,demon,1,option,BTO,0.55,1,0.56,,,,,,,,,,,,,,,
2023-07-05 13:49:02.776000,PLUG_070723C11,demon2677,demon,1,option,BTO,0.17,1,0.17,,,,,,,,,,,,,,,
2023-07-06 14:24:16.664000,RIVN_070723P19.5,demon2677,demon,1,option,BTO,0.35,1,0.36,,,,,,,,,,,,,,,
2023-07-07 13:39:30.652000,MARA_070723C16,demon2677,demon,1,option,BTO,0.17,1,0.16,,,,,,,,,,,,,,,
2023-07-10 13:44:58.133000,PYPL_070723C68,demon2677,demon,1,option,BTO,0.93,1,,,,,,,,,,,,,,,,
2023-07-11 14:00:11.087000,HOOD_071423C11.5,demon2677,demon,1,option,BTO,0.3,1,0.31,,,,,,,,,,,,,,,
2023-07-12 13:42:49.414000,DIS_071423C91,demon2677,demon,1,option,BTO,0.52,1,0.54,,,,,,,,,,,,,,,
2023-07-13 13:36:07.389000,PLUG_071423C12,demon2677,demon,1,option,BTO,0.3,1,0.31,,,,,,,,,,,,,,,
2023-07-14 14:09:48.742000,TSM_071423C107,demon2677,demon,1,option,BTO,0.31,1,0.34,,,,,,,,,,,,,,,
2023-07-17 13:51:24.917000,PYPL_072123C75,demon2677,demon,1,option,BTO,0.47,1,0.47,,,,,,,,,,,,,,,
2023-07-18 13:54:11.473000,QS_072123C11,demon2677,demon,1,option,BTO,0.33,1,0.33,,,,,,,,,,,,,,,
2023-07-19 13:39:47.852000,VZ_072123C34,demon2677,demon,1,option,BTO,0.25,1,0.25,,,,,,,,,,,,,,,
2023-07-20 14:00:15.307000,KO_072123C62,demon2677,demon,1,option,BTO,0.21,1,0.22,,,,,,,,,,,,,,,
2023-07-21 13:46:01.988000,ORCL_072123C119,demon2677,demon,1,option,BTO,0.36,1,0.41,,,,,,,,,,,,,,,
2023-07-24 13:43:38.025000,JWN_072823C22,demon2677,demon,1,option,BTO,0.36,1,0.38,,,,,,,,,,,,,,,
2023-07-25 13:37:15.281000,FCX_072823C44,demon2677,demon,1,option,BTO,0.49,1,0.66,,,,,,,,,,,,,,,
2023-07-26 14:04:58.064000,WMT_072823C160,demon2677,demon,1,option,BTO,0.77,1,0.79,,,,,,,,,,,,,,,
2023-07-27 13:39:31.126000,AFRM_072823C19.5,demon2677,demon,1,option,BTO,0.3,1,0.31,,,,,,,,,,,,,,,
2023-07-28 14:10:29.179000,XPEV_072823C22.5,demon2677,demon,1,option,BTO,0.28,1,0.43,,,,,,,,,,,,,,,
2023-07-31 13:42:27.038000,FCX_080423C45,demon2677,demon,1,option,BTO,0.46,1,0.5,,,,,,,,,,,,,,,
2023-08-01 13:52:16.241000,PFE_080423C36.5,demon2677,demon,1,option,BTO,0.26,1,0.3,,,,,,,,,,,,,,,
2023-08-02 14:08:59.242000,MRK_080423C109,demon2677,demon,1,option,BTO,0.42,1,0.6,,,,,,,,,,,,,,,
2023-08-03 14:04:12.173000,PLUG_080423C12,demon2677,demon,1,option,BTO,0.22,1,0.24,,,,,,,,,,,,,,,
2023-08-03 14:49:07.001000,XOM_080423C107,demon2677,demon,1,option,BTO,0.38,1,0.46,,,,,,,,,,,,,,,
2023-08-04 13:44:30.118000,XOM_080423C109,demon2677,demon,1,option,BTO,0.29,1,0.47,,,,,,,,,,,,,,,
2023-08-07 13:54:32.005000,NCLH_081123C18.5,demon2677,demon,1,option,BTO,0.36,1,0.39,,,,,,,,,,,,,,,
2023-08-07 16:10:14.088000,PYPL_081123C65,demon2677,demon,1,option,BTO,0.67,1,0.68,,,,,,,,,,,,,,,
2023-08-08 13:59:59.697000,VZ_081123C33,demon2677,demon,1,option,BTO,0.2,1,0.22,,,,,,,,,,,,,,,
2023-08-09 13:44:28.223000,XOM_081123C110,demon2677,demon,1,option,BTO,0.44,1,0.57,,,,,,,,,,,,,,,
2023-08-10 13:45:31.132000,NKE_081123C113,demon2677,demon,1,option,BTO,0.31,1,0.37,,,,,,,,,,,,,,,
2023-08-10 15:25:23.084000,SPY_081123C449,demon2677,demon,1,option,BTO,0.8,1,1.6,,,,,,,,,,,,,,,
2023-08-10 18:05:24.593000,SPY_081023C446,demon2677,demon,1,option,BTO,0.65,1,0.7,,,,,,,,,,,,,,,
2023-08-11 13:53:28.254000,XOM_081123C111,demon2677,demon,1,option,BTO,0.32,1,0.39,,,,,,,,,,,,,,,
2023-08-14 14:13:26.800000,PFE_081123C36.5,demon2677,demon,1,option,BTO,0.24,1,,,,,,,,,,,,,,,,
2023-08-14 16:35:34.595000,CCJ_081123C35.5,demon2677,demon,1,option,BTO,0.47,1,,,,,,,,,,,,,,,,
2023-08-15 13:56:18.789000,LYFT_081823C12.5,demon2677,demon,1,option,BTO,0.3,1,0.32,,,,,,,,,,,,,,,
2023-08-16 14:39:34.313000,PYPL_081823C61,demon2677,demon,1,option,BTO,0.35,1,0.37,,,,,,,,,,,,,,,
2023-08-16 17:40:23.089000,SPY_081823C442,demon2677,demon,1,option,BTO,0.59,1,2.16,,,,,,,,,,,,,,,
2023-08-17 14:52:18.033000,TSM_081823C93,demon2677,demon,1,option,BTO,0.49,1,0.5,,,,,,,,,,,,,,,
2023-08-18 13:59:52.763000,PFE_081823C36.5,demon2677,demon,1,option,BTO,0.17,1,0.22,,,,,,,,,,,,,,,
2023-08-21 13:47:08.309000,PINS_082523C28,demon2677,demon,1,option,BTO,0.36,1,0.45,,,,,,,,,,,,,,,
2023-08-21 14:00:13.125000,PFE_082523C37,demon2677,demon,1,option,BTO,0.49,1,0.51,,,,,,,,,,,,,,,
2023-08-21 16:00:57.119000,SPY_082123C436,demon2677,demon,1,option,BTO,0.77,1,0.8,,,,,,,,,,,,,,,
2023-08-22 14:07:10.366000,INTC_082523C51,demon2677,demon,1,option,BTO,0.41,1,,,,,,,,,,,,,,,,
2023-08-22 15:03:13.273000,SPY_082223P439,demon2677,demon,1,option,BTO,0.66,1,0.68,,,,,,,,,,,,,,,
2023-08-23 13:58:35.198000,ORCL_082223C120,demon2677,demon,1,option,BTO,0.83,1,,,,,,,,,,,,,,,,
2023-08-23 14:01:06.087000,ORCL_082523C120,demon2677,demon,1,option,BTO,0.83,1,0.9,,,,,,,,,,,,,,,
2023-08-24 13:59:38.805000,SBUX_082523C96,demon2677,demon,1,option,BTO,0.4,1,0.49,,,,,,,,,,,,,,,
2023-08-24 14:53:55.374000,SPY_082423C442,demon2677,demon,1,option,BTO,0.77,1,0.79,,,,,,,,,,,,,,,
2023-08-25 14:38:24.733000,XPEV_082523C17,demon2677,demon,1,option,BTO,0.2,1,0.21,,,,,,,,,,,,,,,
2023-08-25 14:58:20.548000,AMD_082523P99,demon2677,demon,1,option,BTO,0.53,1,0.56,,,,,,,,,,,,,,,
2023-08-28 13:42:17.190000,OXY_090123C63,demon2677,demon,1,option,BTO,0.5,2,0.55,0.58/0.43,0.63/0.46,1.0,,,,,,,,,,,,
2023-08-28 14:39:18.588000,QQQ_082823P365,demon2677,demon,1,option,BTO,0.58,1,0.6,,,,,,,,,,,,,,,
2023-08-28 15:57:24.194000,QQQ_082823C366,demon2677,demon,1,option,BTO,0.49,1,0.49,,,,,,,,,,,,,,,
2023-08-28 18:29:27.008000,SPY_082823C442,demon2677,demon,1,option,BTO,0.26,1,0.28,,,,,,,,,,,,,,,
2023-08-29 15:06:24.318000,ORCL_090123C122,demon2677,demon,1,option,BTO,0.6,1,0.58,,,,,,,,,,,,,,,
2023-08-30 13:57:43.437000,AMZN_090123C137,demon2677,demon,1,option,BTO,0.67,1,0.68,,,,,,,,,,,,,,,
2023-08-30 15:08:51.914000,QQQ_083023P375,demon2677,demon,1,option,BTO,0.61,1,0.62,,,,,,,,,,,,,,,
2023-08-31 13:34:03.672000,QQQ_083123C380,demon2677,demon,1,option,BTO,0.6,1,0.57,,,,,,,,,,,,,,,
2023-08-31 14:15:55.161000,GOOGL_090123C138,demon2677,demon,1,option,BTO,0.52,1,0.53,,,,,,,,,,,,,,,
2023-09-01 15:04:53.784000,FCX_090123C42,demon2677,demon,1,option,BTO,0.11,1,0.13,,,,,,,,,,,,,,,
2023-09-05 14:02:23.390000,PYPL_090823C65,demon2677,demon,1,option,BTO,0.3,1,0.31,,,,,,,,,,,,,,,
2023-09-06 14:54:42.851000,QQQ_090623C376,demon2677,demon,1,option,BTO,0.41,1,0.42,,,,,,,,,,,,,,,
2023-09-06 17:49:00.322000,SPY_090623C446,demon2677,demon,1,option,BTO,0.3,1,0.31,,,,,,,,,,,,,,,
2023-09-06 17:50:06.261000,INTC_090823C37,demon2677,demon,1,option,BTO,0.27,1,0.28,,,,,,,,,,,,,,,
2023-09-07 15:12:22.325000,AAPL_090823C180,demon2677,demon,1,option,BTO,0.64,1,0.67,,,,,,,,,,,,,,,
2023-09-07 16:01:14.719000,SPY_090723C445,demon2677,demon,1,option,BTO,0.37,1,0.4,,,,,,,,,,,,,,,
2023-09-07 19:14:20.504000,AFRM_090823C23,demon2677,demon,1,option,BTO,0.22,1,0.23,,,,,,,,,,,,,,,
2023-09-08 14:06:21.784000,MU_090823C71,demon2677,demon,1,option,BTO,0.12,1,0.14,,,,,,,,,,,,,,,
2023-09-08 15:02:42.947000,SPY_090823C447,demon2677,demon,1,option,BTO,0.36,1,0.4,,,,,,,,,,,,,,,
2023-09-11 14:54:39.493000,SPY_091123P447,demon2677,demon,1,option,BTO,0.53,1,0.55,,,,,,,,,,,,,,,
2023-09-12 13:48:20.932000,TSM_091123C93,demon2677,demon,1,option,BTO,0.32,1,,,,,,,,,,,,,,,,
2023-09-12 15:01:05.536000,SPY_091223C447,demon2677,demon,1,option,BTO,0.45,1,0.47,,,,,,,,,,,,,,,
2023-09-12 18:12:17.747000,SPY_091223C448,demon2677,demon,1,option,BTO,0.11,1,0.12,,,,,,,,,,,,,,,
2023-09-13 13:53:04.788000,PFE_092223C35,demon2677,demon,1,option,BTO,0.28,1,0.3,,,,,,,,,,,,,,,
2023-09-13 14:00:59.373000,SPY_091323P446,demon2677,demon,1,option,BTO,0.6,1,0.61,,,,,,,,,,,,,,,
2023-09-13 14:44:30.746000,SPY_091323P445,demon2677,demon,1,option,BTO,0.24,1,0.25,,,,,,,,,,,,,,,
2023-09-14 13:59:25.637000,SPY_091423C450,demon2677,demon,1,option,BTO,0.31,1,0.31,,,,,,,,,,,,,,,
2023-09-15 14:08:53.537000,SPY_091523P445,demon2677,demon,1,option,BTO,0.37,1,0.39,,,,,,,,,,,,,,,
2023-09-18 13:51:04.407000,SPY_091523C444,demon2677,demon,1,option,BTO,0.42,1,,,,,,,,,,,,,,,,
2023-09-19 13:50:38.472000,SPY_091923P442,demon2677,demon,1,option,BTO,0.52,1,0.54,,,,,,,,,,,,,,,
2023-09-20 13:49:04.862000,SPY_092023P442,demon2677,demon,1,option,BTO,0.59,1,0.59,,,,,,,,,,,,,,,
2023-09-21 13:47:06.603000,SPY_092123P433,demon2677,demon,1,option,BTO,0.51,1,0.52,,,,,,,,,,,,,,,
2023-09-21 14:17:54.560000,SPY_092123C437,demon2677,demon,1,option,BTO,0.36,1,0.36,,,,,,,,,,,,,,,
2023-09-21 15:24:15.404000,QQQ_092123P359,demon2677,demon,1,option,BTO,0.61,1,0.62,,,,,,,,,,,,,,,
2023-09-22 13:40:38.084000,SPY_092223P430,demon2677,demon,1,option,BTO,0.42,1,0.45,,,,,,,,,,,,,,,
2023-09-22 15:18:59.421000,AMD_092223C99,demon2677,demon,1,option,BTO,0.15,1,0.14,,,,,,,,,,,,,,,
2023-09-22 17:09:46.688000,SPY_092223P433,demon2677,demon,1,option,BTO,0.58,1,0.62,,,,,,,,,,,,,,,
2023-09-25 14:50:46.414000,SPY_092523P428,demon2677,demon,1,option,BTO,0.46,1,0.46,,,,,,,,,,,,,,,
2023-09-25 15:45:22.592000,SPY_092523C433,demon2677,demon,1,option,BTO,0.3,1,0.31,,,,,,,,,,,,,,,
2023-09-26 13:47:23.576000,SPY_092623P428,demon2677,demon,1,option,BTO,0.6,1,0.63,,,,,,,,,,,,,,,
2023-09-26 14:29:43.203000,SPY_092623C429,demon2677,demon,1,option,BTO,0.7,1,0.71,,,,,,,,,,,,,,,
2023-09-26 15:06:28.655000,SPY_092623P426,demon2677,demon,1,option,BTO,0.42,1,0.43,,,,,,,,,,,,,,,
2023-09-27 13:44:44.880000,SPY_092723C429,demon2677,demon,1,option,BTO,0.45,1,0.48,,,,,,,,,,,,,,,
2023-09-27 14:29:00.250000,SPY_092723P425,demon2677,demon,1,option,BTO,0.49,1,0.5,,,,,,,,,,,,,,,
2023-09-27 16:31:04.410000,SPY_092723C426,demon2677,demon,1,option,BTO,0.32,1,0.33,,,,,,,,,,,,,,,
2023-09-28 13:45:59.553000,SPY_092823C428,demon2677,demon,1,option,BTO,0.5,1,0.55,,,,,,,,,,,,,,,
2023-09-29 14:16:31.981000,SPY_092923P429,demon2677,demon,1,option,BTO,0.56,1,0.57,,,,,,,,,,,,,,,
2023-09-29 15:28:12.947000,SPY_092923P428,demon2677,demon,1,option,BTO,0.33,1,0.33,,,,,,,,,,,,,,,
2023-09-29 17:51:15.301000,SPY_092923C430,demon2677,demon,1,option,BTO,0.12,1,0.12,,,,,,,,,,,,,,,
2023-10-02 13:59:02.745000,SPY_100223P425,demon2677,demon,1,option,BTO,0.55,1,0.56,,,,,,,,,,,,,,,
2023-10-02 16:03:05.381000,SPY_100223P424,demon2677,demon,1,option,BTO,0.4,1,0.41,,,,,,,,,,,,,,,
2023-10-02 17:52:58.633000,SPY_100223C427,demon2677,demon,1,option,BTO,0.31,1,0.31,,,,,,,,,,,,,,,
2023-10-03 14:26:36.633000,SPY_100323C425,demon2677,demon,1,option,BTO,0.55,1,0.55,,,,,,,,,,,,,,,
2023-10-03 15:41:42.507000,SPY_100323C423,demon2677,demon,1,option,BTO,0.45,1,0.48,,,,,,,,,,,,,,,
2023-10-03 17:36:13.729000,SPY_100323P420,demon2677,demon,1,option,BTO,0.38,1,0.4,,,,,,,,,,,,,,,
2023-10-04 13:47:53.101000,SPY_100423C425,demon2677,demon,1,option,BTO,0.35,2,0.36,0.37/0.33,0.37/0.35,1.0,,,,,,,,,,,,
2023-10-04 14:37:02.325000,SPY_100423C424,demon2677,demon,1,option,BTO,0.43,1,0.44,,,,,,,,,,,,,,,
2023-10-04 17:14:09.497000,SPY_100423P422,demon2677,demon,1,option,BTO,0.38,1,0.38,,,,,,,,,,,,,,,
2023-10-05 13:49:20.248000,SPY_100523P421,demon2677,demon,1,option,BTO,0.43,2,0.44,0.45/0.4,0.47/0.42,1.0,,,,,,,,,,,,
2023-10-06 13:52:06.808000,SPY_100623P419,demon2677,demon,1,option,BTO,0.5,1,0.56,,,,,,,,,,,,,,,
2023-10-09 14:02:45.855000,SPY_100923P427,demon2677,demon,1,option,BTO,0.58,1,0.61,,,,,,,,,,,,,,,
2023-10-09 14:12:02.551000,SPY_100923P426,demon2677,demon,1,option,BTO,0.47,1,0.47,,,,,,,,,,,,,,,
2023-10-09 15:44:07.571000,SPY_100923C430,demon2677,demon,1,option,BTO,0.4,1,0.41,,,,,,,,,,,,,,,
2023-10-10 13:52:22.764000,SPY_101023C435,demon2677,demon,1,option,BTO,0.47,1,0.48,,,,,,,,,,,,,,,
2023-10-10 17:24:10.359000,SPY_101023C436,demon2677,demon,1,option,BTO,0.5,1,0.49,,,,,,,,,,,,,,,
2023-10-11 13:49:54.527000,SPY_101123P434,demon2677,demon,1,option,BTO,0.55,1,0.53,,,,,,,,,,,,,,,
2023-10-11 16:41:32.614000,SPY_101123C434,demon2677,demon,1,option,BTO,0.54,1,1.02,,,,,,,,,,,,,,,
2023-10-13 13:49:34.788000,SPY_101323C438,demon2677,demon,1,option,BTO,0.44,1,0.44,,,,,,,,,,,,,,,
2023-10-13 14:27:42.695000,SPY_101323C437,demon2677,demon,1,option,BTO,0.35,1,0.36,,,,,,,,,,,,,,,
2023-10-13 15:17:42.094000,SPY_101323P430,demon2677,demon,1,option,BTO,0.4,1,0.42,,,,,,,,,,,,,,,
2023-10-16 13:49:27.948000,SPY_101623P432,demon2677,demon,1,option,BTO,0.63,1,0.64,,,,,,,,,,,,,,,
2023-10-16 14:42:56.131000,SPY_101623P434,demon2677,demon,1,option,BTO,0.45,1,0.46,,,,,,,,,,,,,,,
2023-10-16 15:37:23.539000,SPY_101623P435,demon2677,demon,1,option,BTO,0.57,1,0.57,,,,,,,,,,,,,,,
2023-10-16 17:01:27.454000,SPY_101623C437,demon2677,demon,1,option,BTO,0.43,2,0.44,0.4/0.45,0.42/0.45,1.0,,,,,,,,,,,,
2023-10-17 14:04:53.551000,SPY_101723P431,demon2677,demon,1,option,BTO,0.6,1,0.6,,,,,,,,,,,,,,,
2023-10-17 14:16:26.892000,AMZN_102023C133,demon2677,demon,1,option,BTO,0.64,3,0.65,0.69/0.55,0.7/0.55,2.0,,,,,,,,,,,,
2023-10-17 18:51:19.739000,SPY_101723P435,demon2677,demon,1,option,BTO,0.38,1,0.39,,,,,,,,,,,,,,,
2023-10-18 13:46:27.454000,SPY_101823C436,demon2677,demon,1,option,BTO,0.54,1,0.57,,,,,,,,,,,,,,,
2023-10-18 14:42:58.192000,SPY_101823C435,demon2677,demon,1,option,BTO,0.44,2,0.44,0.47/0.42,0.46/0.43,1.0,,,,,,,,,,,,
2023-10-18 14:53:29.516000,SPY_101823P430,demon2677,demon,1,option,BTO,0.46,1,0.48,,,,,,,,,,,,,,,
2023-10-18 16:03:01.916000,AAPL_101823P175,demon2677,demon,1,option,BTO,0.81,1,,,,,,,,,,,,,,,,
2023-10-19 15:27:57.261000,SBUX_102023C95,demon2677,demon,1,option,BTO,0.6,1,0.6,,,,,,,,,,,,,,,
2023-10-20 14:00:03.240000,MSFT_102023P325,demon2677,demon,1,option,BTO,0.35,1,0.38,,,,,,,,,,,,,,,
2023-10-23 17:34:23.156000,QQQ_102323C359,demon2677,demon,1,option,BTO,0.39,1,0.4,,,,,,,,,,,,,,,
2023-10-24 14:10:50.556000,SPY_102423P421,demon2677,demon,1,option,BTO,0.51,1,0.5,,,,,,,,,,,,,,,
2023-10-24 14:41:31.744000,SPY_102423P422,demon2677,demon,1,option,BTO,0.55,1,0.55,,,,,,,,,,,,,,,
2023-10-25 13:52:09.909000,SPY_102423P417,demon2677,demon,1,option,BTO,0.52,1,,,,,,,,,,,,,,,,
2023-10-25 14:58:36.815000,SPY_102423P418,demon2677,demon,1,option,BTO,0.48,1,,,,,,,,,,,,,,,,
2023-10-26 14:24:57.166000,SPY_102623P412,demon2677,demon,1,option,BTO,0.58,1,0.58,,,,,,,,,,,,,,,
2023-10-27 15:00:52.890000,SPY_102723P412,demon2677,demon,1,option,BTO,0.7,1,0.71,,,,,,,,,,,,,,,
2023-10-30 14:36:33.922000,SPY_103023C414,demon2677,demon,1,option,BTO,0.78,1,0.78,,,,,,,,,,,,,,,
2023-10-31 14:26:25.137000,SPY_103123P414,demon2677,demon,1,option,BTO,0.52,1,0.52,,,,,,,,,,,,,,,
2023-10-31 15:11:05.868000,SPY_103123P415,demon2677,demon,1,option,BTO,0.55,1,0.57,,,,,,,,,,,,,,,
2023-10-31 18:18:48.677000,SPY_103123P417,demon2677,demon,1,option,BTO,0.42,1,0.42,,,,,,,,,,,,,,,
2023-11-01 14:05:52.784000,IWM_011123P163,demon2677,demon,1,option,BTO,0.55,1,,,,,,,,,,,,,,,,
2023-11-01 15:12:37.636000,SPY_031123P419,demon2677,demon,1,option,BTO,0.85,1,,,,,,,,,,,,,,,,
2023-11-02 13:51:16.621000,DIS_031123C83,demon2677,demon,1,option,BTO,0.36,1,,,,,,,,,,,,,,,,
2023-11-02 13:51:39.142000,DIS_110323C83,demon2677,demon,1,option,BTO,0.36,1,0.37,,,,,,,,,,,,,,,
2023-11-06 15:09:46.391000,GOOGL_111023C131,demon2677,demon,1,option,BTO,0.62,1,0.62,,,,,,,,,,,,,,,
2023-11-06 16:53:20.486000,SPY_110623C436,demon2677,demon,1,option,BTO,0.34,1,0.35,,,,,,,,,,,,,,,
2023-11-06 17:54:27.340000,SPY_110623C435,demon2677,demon,1,option,BTO,0.45,1,0.45,,,,,,,,,,,,,,,
2023-11-07 14:40:34.626000,QQQ_110723C371,demon2677,demon,1,option,BTO,0.45,1,0.46,,,,,,,,,,,,,,,
2023-11-07 16:41:02.602000,TSLA_111023C230,demon2677,demon,1,option,BTO,0.99,1,0.98,,,,,,,,,,,,,,,
2023-11-08 16:03:35.503000,SPY_110823C437,demon2677,demon,1,option,BTO,0.63,1,0.66,,,,,,,,,,,,,,,
2023-11-09 15:04:44.415000,TSM_111023C94,demon2677,demon,1,option,BTO,0.24,1,0.25,,,,,,,,,,,,,,,
2023-11-09 15:43:13.272000,SPY_110923C437,demon2677,demon,1,option,BTO,0.6,1,0.61,,,,,,,,,,,,,,,
2023-11-10 14:54:09.671000,SPY_111023P435,demon2677,demon,1,option,BTO,0.6,1,0.62,,,,,,,,,,,,,,,
2023-11-13 14:42:47.504000,SPY_111323P438,demon2677,demon,1,option,BTO,0.67,1,0.72,,,,,,,,,,,,,,,
2023-11-13 15:58:54.303000,SPY_111323P439,demon2677,demon,1,option,BTO,0.49,1,0.5,,,,,,,,,,,,,,,
2023-11-13 17:51:15.418000,SPY_111323C441,demon2677,demon,1,option,BTO,0.38,1,0.4,,,,,,,,,,,,,,,
2023-11-14 15:40:11.951000,PLTR_111723C20,demon2677,demon,1,option,BTO,0.41,1,0.44,,,,,,,,,,,,,,,
2023-11-14 17:04:52.043000,QQQ_111723P384,demon2677,demon,1,option,BTO,0.5,1,2.13,,,,,,,,,,,,,,,
2023-11-14 19:05:04.393000,QQQ_111423P384,demon2677,demon,1,option,BTO,0.38,1,0.41,,,,,,,,,,,,,,,
2023-11-15 15:07:21.945000,AMD_111723C120,demon2677,demon,1,option,BTO,0.92,1,0.91,,,,,,,,,,,,,,,
2023-11-15 16:22:40.585000,MSFT_111723C375,demon2677,demon,1,option,BTO,1.49,1,1.45,,,,,,,,,,,,,,,
2023-11-15 17:33:30.004000,SPY_111523C450,demon2677,demon,1,option,BTO,0.67,1,0.69,,,,,,,,,,,,,,,
2023-11-16 15:05:47.483000,SPY_111623C451,demon2677,demon,1,option,BTO,0.49,1,0.52,,,,,,,,,,,,,,,
2023-11-16 16:52:23.325000,AMZN_112423C145,demon2677,demon,1,option,BTO,1.28,1,1.32,,,,,,,,,,,,,,,
2023-11-17 14:47:07.191000,AMZN_111723C144,demon2677,demon,1,option,BTO,0.43,1,0.46,,,,,,,,,,,,,,,
2023-11-17 15:25:46.576000,SPY_111723P449,demon2677,demon,1,option,BTO,0.36,2,0.37,0.37/0.34,0.39/0.35,1.0,,,,,,,,,,,,
2023-11-20 15:09:51.200000,QQQ_112023P387,demon2677,demon,1,option,BTO,0.45,1,0.46,,,,,,,,,,,,,,,
2023-11-20 17:02:39.267000,IWM_112023P179,demon2677,demon,1,option,BTO,0.34,1,0.37,,,,,,,,,,,,,,,
2023-11-21 14:54:41.507000,GOOGL_112423C138,demon2677,demon,1,option,BTO,0.53,1,0.55,,,,,,,,,,,,,,,
2023-11-21 16:03:40.361000,SPY_112123P452,demon2677,demon,1,option,BTO,0.56,1,0.58,,,,,,,,,,,,,,,
2023-11-22 14:51:44.148000,SPY_112223P455,demon2677,demon,1,option,BTO,0.48,1,0.49,,,,,,,,,,,,,,,
2023-11-24 15:08:46.814000,BABA_112423C79,demon2677,demon,1,option,BTO,0.2,1,0.2,,,,,,,,,,,,,,,
2023-11-27 15:12:56.705000,SPY_112723P454,demon2677,demon,1,option,BTO,0.34,1,0.35,,,,,,,,,,,,,,,
2023-11-28 15:24:02.386000,SPY_112823P454,demon2677,demon,1,option,BTO,0.56,1,0.57,,,,,,,,,,,,,,,
2023-11-28 16:31:13.976000,AAPL_120123C192.5,demon2677,demon,1,option,BTO,0.47,1,0.5,,,,,,,,,,,,,,,
2023-11-28 17:17:59.387000,GOOGL_120123C138,demon2677,demon,1,option,BTO,0.52,1,0.52,,,,,,,,,,,,,,,
2023-11-29 15:26:51.643000,SPY_113023C459,demon2677,demon,1,option,BTO,0.49,1,0.49,,,,,,,,,,,,,,,
2023-11-29 16:45:30.095000,QQQ_112923C391,demon2677,demon,1,option,BTO,0.51,1,0.53,,,,,,,,,,,,,,,
2023-11-29 20:22:47.546000,AAPL_121523C195,demon2677,demon,1,option,BTO,0.69,1,0.69,,,,,,,,,,,,,,,
2023-11-30 15:44:24.763000,SPY_113023C455,demon2677,demon,1,option,BTO,0.53,1,0.56,,,,,,,,,,,,,,,
2023-11-30 17:32:02.491000,SPY_113023C454,demon2677,demon,1,option,BTO,0.47,1,0.49,,,,,,,,,,,,,,,
2023-12-04 15:10:36.859000,SPY_120423C457,demon2677,demon,1,option,BTO,0.44,1,0.49,,,,,,,,,,,,,,,
2023-12-04 16:37:45.384000,AAPL_120823C190,demon2677,demon,1,option,BTO,0.73,1,0.75,,,,,,,,,,,,,,,
2023-12-04 16:57:42.923000,SPY_120423C456,demon2677,demon,1,option,BTO,0.44,1,0.47,,,,,,,,,,,,,,,
2023-12-05 15:10:24.095000,HOOD_120823C10,demon2677,demon,1,option,BTO,0.33,1,0.33,,,,,,,,,,,,,,,
2023-12-05 15:45:59.089000,SPY_120423C458,demon2677,demon,1,option,BTO,0.3,1,,,,,,,,,,,,,,,,
2023-12-06 14:58:18.526000,UAL_120823C41.5,demon2677,demon,1,option,BTO,0.43,1,0.44,,,,,,,,,,,,,,,
2023-12-06 16:54:32.609000,PYPL_120823C61,demon2677,demon,1,option,BTO,0.43,1,0.43,,,,,,,,,,,,,,,
2023-12-07 15:17:48.554000,UAL_120823C42,demon2677,demon,1,option,BTO,0.41,1,0.41,,,,,,,,,,,,,,,
2023-12-07 15:29:52.579000,GOOGL_120823C138,demon2677,demon,1,option,BTO,0.68,1,0.69,,,,,,,,,,,,,,,
2023-12-07 17:03:30.935000,SPY_120823P458,demon2677,demon,1,option,BTO,0.6,1,1.64,,,,,,,,,,,,,,,
2023-12-07 19:04:12.217000,PYPL_121523C60,demon2677,demon,1,option,BTO,0.88,1,0.89,,,,,,,,,,,,,,,
2023-12-08 14:49:01.416000,MU_120823C75,demon2677,demon,1,option,BTO,0.14,1,0.15,,,,,,,,,,,,,,,
2023-12-08 15:57:44.622000,XOM_121523C101,demon2677,demon,1,option,BTO,0.74,1,0.74,,,,,,,,,,,,,,,
2023-12-11 15:13:07.364000,PINS_121523C36,demon2677,demon,1,option,BTO,0.36,1,0.37,,,,,,,,,,,,,,,
2023-12-12 15:02:40.926000,HOOD_121523C12,demon2677,demon,1,option,BTO,0.35,1,0.35,,,,,,,,,,,,,,,
2023-12-12 15:31:11.022000,WFC_121523C46.5,demon2677,demon,1,option,BTO,0.42,1,0.42,,,,,,,,,,,,,,,
2023-12-12 18:47:10.807000,TSLA_121523C245,demon2677,demon,1,option,BTO,1.34,1,1.35,,,,,,,,,,,,,,,
2023-12-13 15:03:11.648000,MRVL_121523C56,demon2677,demon,1,option,BTO,0.45,1,0.46,,,,,,,,,,,,,,,
2023-12-14 15:11:59.602000,RBLX_121523C44.5,demon2677,demon,1,option,BTO,0.41,1,0.43,,,,,,,,,,,,,,,
2023-12-15 15:07:30.544000,DOCU_121523C57,demon2677,demon,1,option,BTO,0.2,1,0.24,,,,,,,,,,,,,,,
2023-12-18 14:46:33.581000,FCX_122223C43,demon2677,demon,1,option,BTO,0.45,1,0.53,,,,,,,,,,,,,,,
2023-12-18 15:57:27.043000,SPY_121823C472,demon2677,demon,1,option,BTO,0.32,1,0.33,,,,,,,,,,,,,,,
2023-12-19 15:16:47.483000,IWM_122023C201,demon2677,demon,1,option,BTO,0.45,1,0.48,,,,,,,,,,,,,,,
2023-12-20 14:45:42.942000,CVS_122223C78,demon2677,demon,1,option,BTO,0.33,1,0.32,,,,,,,,,,,,,,,
2023-12-21 14:45:22.848000,DAL_122223C41.5,demon2677,demon,1,option,BTO,0.31,1,0.33,,,,,,,,,,,,,,,
2023-12-22 15:31:40.695000,CVX_122223C152.5,demon2677,demon,1,option,BTO,0.31,1,0.4,,,,,,,,,,,,,,,
2023-12-27 15:04:15.112000,LI_122923C37,demon2677,demon,1,option,BTO,0.4,1,0.41,,,,,,,,,,,,,,,
2023-12-27 15:41:23.780000,SPY_122723P475,demon2677,demon,1,option,BTO,0.45,2,0.46,0.56/0.34,0.58/0.35,1.0,,,,,,,,,,,,
2023-12-28 14:47:33.752000,RIVN_122923C24.5,demon2677,demon,1,option,BTO,0.31,1,0.32,,,,,,,,,,,,,,,
2023-12-28 16:06:56.265000,SE_122923C41,demon2677,demon,1,option,BTO,0.5,1,0.51,,,,,,,,,,,,,,,
2023-12-29 14:51:20.889000,MSFT_122923C377.5,demon2677,demon,1,option,BTO,0.7,1,0.71,,,,,,,,,,,,,,,
2024-01-02 14:36:33.137000,PFE_010524C29.5,demon2677,demon,1,option,BTO,0.19,1,0.2,,,,,,,,,,,,,,,
2024-01-03 14:51:44.787000,BABA_010524C76,demon2677,demon,1,option,BTO,0.75,1,0.75,,,,,,,,,,,,,,,
2024-01-03 17:31:58.543000,SPY_010324P469,demon2677,demon,1,option,BTO,0.51,1,0.54,,,,,,,,,,,,,,,
2024-01-04 14:47:47.534000,VZ_010524C40,demon2677,demon,1,option,BTO,0.14,1,0.17,,,,,,,,,,,,,,,
2024-01-04 15:09:42.092000,AAPL_010524C182.5,demon2677,demon,1,option,BTO,0.89,1,0.9,,,,,,,,,,,,,,,
2024-01-04 17:11:00.919000,JNJ_010524C162.5,demon2677,demon,1,option,BTO,0.3,1,0.31,,,,,,,,,,,,,,,
2024-01-05 15:40:40.765000,AMZN_010524P146,demon2677,demon,1,option,BTO,0.41,1,0.43,,,,,,,,,,,,,,,
2024-01-08 15:59:20.515000,SPY_010824P470,demon2677,demon,1,option,BTO,0.62,1,0.62,,,,,,,,,,,,,,,
2024-01-08 17:52:35.112000,AMZN_011224C150,demon2677,demon,1,option,BTO,0.83,1,0.83,,,,,,,,,,,,,,,
2024-01-09 14:58:50.260000,PINS_011224C38,demon2677,demon,1,option,BTO,0.35,1,0.38,,,,,,,,,,,,,,,
2024-01-09 15:09:56.690000,AAPL_011224C185,demon2677,demon,1,option,BTO,0.96,1,0.97,,,,,,,,,,,,,,,
2024-01-10 14:48:53.615000,UBER_011224C62,demon2677,demon,1,option,BTO,0.32,1,0.32,,,,,,,,,,,,,,,
2024-01-11 14:44:26.263000,NKE_011224C105,demon2677,demon,1,option,BTO,0.32,1,0.33,,,,,,,,,,,,,,,
2024-01-11 15:27:54.854000,XOM_011224C100,demon2677,demon,1,option,BTO,0.25,1,0.29,,,,,,,,,,,,,,,
2024-01-12 14:48:39.502000,TSM_011224C103,demon2677,demon,1,option,BTO,0.16,1,0.18,,,,,,,,,,,,,,,
2024-01-12 15:26:08.994000,TSLA_011224P220,demon2677,demon,1,option,BTO,0.65,1,0.67,,,,,,,,,,,,,,,
2024-01-16 14:43:46.116000,DKNG_011924C34,demon2677,demon,1,option,BTO,0.46,1,0.53,,,,,,,,,,,,,,,
2024-01-17 14:58:25.022000,WFC_011924C47,demon2677,demon,1,option,BTO,0.35,1,0.43,,,,,,,,,,,,,,,
2024-01-18 14:34:47.190000,MRVL_011924C69,demon2677,demon,1,option,BTO,0.53,1,0.55,,,,,,,,,,,,,,,
2024-01-18 14:54:24.438000,ORCL_011924C108,demon2677,demon,1,option,BTO,0.42,1,0.42,,,,,,,,,,,,,,,
2024-01-19 14:49:08.124000,CRM_011924C280,demon2677,demon,1,option,BTO,0.3,1,0.28,,,,,,,,,,,,,,,
2024-01-19 15:22:19.114000,QCOM_011924C150,demon2677,demon,1,option,BTO,0.38,1,0.37,,,,,,,,,,,,,,,
2024-01-22 15:16:56.056000,M_012624C19,demon2677,demon,1,option,BTO,0.34,1,0.34,,,,,,,,,,,,,,,
2024-01-23 15:03:08.364000,CHWY_012624C21,demon2677,demon,1,option,BTO,0.3,1,0.3,,,,,,,,,,,,,,,
2024-01-23 16:45:29.839000,ORCL_012624C112,demon2677,demon,1,option,BTO,0.54,1,0.61,,,,,,,,,,,,,,,
2024-01-24 15:17:33.790000,FCX_012624C40.5,demon2677,demon,1,option,BTO,0.45,1,0.49,,,,,,,,,,,,,,,
2024-01-24 15:26:22.973000,DKNG_012624C39.5,demon2677,demon,1,option,BTO,0.31,1,0.31,,,,,,,,,,,,,,,
2024-01-24 15:55:57.787000,MS_012624C89,demon2677,demon,1,option,BTO,0.28,1,0.37,,,,,,,,,,,,,,,
2024-01-25 14:47:16.738000,RBLX_012624C42,demon2677,demon,1,option,BTO,0.33,1,0.36,,,,,,,,,,,,,,,
2024-01-25 15:31:40.911000,UBER_012624C65,demon2677,demon,1,option,BTO,0.31,1,0.31,,,,,,,,,,,,,,,
2024-01-26 14:47:47.056000,NKE_012624C103,demon2677,demon,1,option,BTO,0.13,1,0.13,,,,,,,,,,,,,,,
2024-01-29 15:09:16.589000,WFC_020224C51,demon2677,demon,1,option,BTO,0.33,1,0.36,,,,,,,,,,,,,,,
2024-01-29 17:07:45.511000,SPY_012924P487,demon2677,demon,1,option,BTO,0.32,1,0.33,,,,,,,,,,,,,,,
2024-01-30 15:44:56.335000,OXY_020224C59,demon2677,demon,1,option,BTO,0.29,1,0.3,,,,,,,,,,,,,,,
2024-01-31 15:13:52.455000,CVS_012924C74,demon2677,demon,1,option,BTO,0.45,1,,,,,,,,,,,,,,,,
2024-02-01 16:29:41.920000,ORCL_020224C116,demon2677,demon,1,option,BTO,0.35,1,0.35,,,,,,,,,,,,,,,
2024-02-02 14:46:48.221000,MU_020224C86,demon2677,demon,1,option,BTO,0.37,1,0.39,,,,,,,,,,,,,,,
2024-02-05 15:07:55.666000,JD_020924C22.5,demon2677,demon,1,option,BTO,0.45,1,0.44,,,,,,,,,,,,,,,
2024-02-05 17:31:59.067000,INTC_020924C43.5,demon2677,demon,1,option,BTO,0.4,1,0.4,,,,,,,,,,,,,,,
2024-02-06 15:18:24.568000,LYFT_020924C13.5,demon2677,demon,1,option,BTO,0.29,1,0.28,,,,,,,,,,,,,,,
2024-02-06 17:34:24.233000,SPY_020924C493,demon2677,demon,1,option,BTO,0.64,1,2.43,,,,,,,,,,,,,,,
2024-02-07 15:26:08.782000,ORCL_020924C118,demon2677,demon,1,option,BTO,0.4,1,0.39,,,,,,,,,,,,,,,
2024-02-08 15:00:43.742000,U_020924C33.5,demon2677,demon,1,option,BTO,0.35,1,0.32,,,,,,,,,,,,,,,
2024-02-08 16:38:05.203000,SPY_020924C500,demon2677,demon,1,option,BTO,0.52,1,0.52,,,,,,,,,,,,,,,
2024-02-08 17:24:43.070000,MU_020924C87,demon2677,demon,1,option,BTO,0.27,1,0.28,,,,,,,,,,,,,,,
2024-02-09 15:30:26.865000,TTD_020924C73,demon2677,demon,1,option,BTO,0.19,1,0.19,,,,,,,,,,,,,,,
2024-02-09 16:37:13.023000,DKNG_020924C44,demon2677,demon,1,option,BTO,0.14,1,0.14,,,,,,,,,,,,,,,
2024-02-09 17:46:02.336000,AAPL_020924C190,demon2677,demon,1,option,BTO,0.14,1,0.14,,,,,,,,,,,,,,,
2024-02-12 15:21:46.799000,GM_021624C40,demon2677,demon,1,option,BTO,0.31,1,0.3,,,,,,,,,,,,,,,
2024-02-12 16:20:58.713000,TGT_021624C152.5,demon2677,demon,1,option,BTO,0.78,1,0.8,,,,,,,,,,,,,,,
2024-02-13 15:52:36.206000,LVS_021624C55,demon2677,demon,1,option,BTO,0.39,1,0.38,,,,,,,,,,,,,,,
2024-02-13 19:50:03.662000,NKE_021624P103,demon2677,demon,1,option,BTO,0.44,1,0.44,,,,,,,,,,,,,,,
2024-02-14 15:13:26.994000,RUN_021624C16.5,demon2677,demon,1,option,BTO,0.34,1,0.34,,,,,,,,,,,,,,,
2024-02-14 16:37:48.698000,AI_021624C30,demon2677,demon,1,option,BTO,0.52,1,0.52,,,,,,,,,,,,,,,
2024-02-15 14:57:46.773000,WFC_021624C49.5,demon2677,demon,1,option,BTO,0.31,1,0.32,,,,,,,,,,,,,,,
2024-02-15 15:31:57.619000,SPY_021524P498,demon2677,demon,1,option,BTO,0.47,1,0.47,,,,,,,,,,,,,,,
2024-02-15 17:24:29.057000,NKE_021624C108,demon2677,demon,1,option,BTO,0.27,1,0.27,,,,,,,,,,,,,,,
2024-02-15 18:00:50.034000,SPY_021524P499,demon2677,demon,1,option,BTO,0.41,1,0.42,,,,,,,,,,,,,,,
2024-02-16 14:38:45.075000,AMD_021624C185,demon2677,demon,1,option,BTO,0.24,1,0.25,,,,,,,,,,,,,,,
2024-02-20 15:46:32.175000,SPY_022024C497,demon2677,demon,1,option,BTO,0.82,1,0.87,,,,,,,,,,,,,,,
2024-02-21 15:00:25.570000,UBER_022324C78,demon2677,demon,1,option,BTO,0.69,1,0.73,,,,,,,,,,,,,,,
2024-02-21 17:02:32.324000,SPY_022124P494,demon2677,demon,1,option,BTO,0.64,1,0.66,,,,,,,,,,,,,,,
2024-02-22 15:54:17.848000,OXY_022124C61,demon2677,demon,1,option,BTO,0.21,1,,,,,,,,,,,,,,,,
